-- Database Test Script
--
-- Database: `cms`
--
-- Dumping data for table `agency`
--

INSERT INTO `agency` (`id`, `username`, `password`, `email`, `tel`, `created_at`, `updated_at`) VALUES
(4, 'a1', '4fe98745b1e7ead96ad3b3072747dbf7009b5376c65db2e7e72c001e9fc5e486', 'hoso0003@e.ntu.edu.sg', '84092272', '2016-03-20 23:19:22', '2016-03-20 23:19:22'),
(5, 'a1', '4fe98745b1e7ead96ad3b3072747dbf7009b5376c65db2e7e72c001e9fc5e486', 'hoso0003@e.ntu.edu.sg', '84092272', '2016-03-20 23:19:23', '2016-03-20 23:19:23');

-- --------------------------------------------------------

--
-- Dumping data for table `call_operator`
--

INSERT INTO `call_operator` (`id`, `username`, `password`, `email`, `tel`, `created_at`, `updated_at`) VALUES
(1, 'call1', '9cefd246681e9f83c246921db56a9ceb5cad03cab455dd27cc0be022b46693b5', 'hoso0003@e.ntu.edu.sg', '84092272', '2016-02-23 20:36:47', '2016-02-23 20:36:47');

-- --------------------------------------------------------

--
-- Dumping data for table `category`
--

INSERT INTO `category` (`id`, `name`, `created_at`, `updated_at`) VALUES
(1, 'Fire', '2016-02-29 16:01:54', '2016-02-29 16:01:54'),
(2, 'Alien invasion', '2016-02-29 16:01:54', '2016-02-29 16:01:54');

-- --------------------------------------------------------

--
-- Dumping data for table `crisis`
--

INSERT INTO `crisis` (`id`, `active`, `type`, `type_id`, `created_at`, `updated_at`) VALUES
(6, 0, 'whole', NULL, '2016-04-04 19:22:19', '2016-04-04 19:26:39'),
(7, 0, 'whole', NULL, '2016-04-04 19:26:46', '2016-04-04 19:26:49'),
(9, 0, 'incident', 17, '2016-04-04 19:52:11', '2016-04-04 19:54:55'),
(10, 0, 'incident', 16, '2016-04-04 19:57:05', '2016-04-06 16:42:23'),
(11, 0, 'incident', 17, '2016-04-06 16:42:44', '2016-04-06 16:43:10'),
(12, 0, 'whole', NULL, '2016-04-06 16:43:06', '2016-04-06 16:43:12');

-- --------------------------------------------------------

--
-- Dumping data for table `incident`
--

INSERT INTO `incident` (`id`, `title`, `location`, `latitude`, `longitude`, `active`, `created_at`, `updated_at`) VALUES
(12, 'FIRE IN PANTRY OF HALL OF RESIDENCE', 'NTU HALL OF RESIDENCE 7 BLOCK 36 LEVEL 2', 1.3442364, 103.6861052, 1, '2016-02-29 22:02:24', '2016-03-23 12:40:03'),
(13, 'ALIEN EVERYWHERE', 'NTU', 1.3442364, 103.6861052, 1, '2016-03-01 22:44:24', '2016-03-01 22:44:24'),
(14, 'NEW CASE FOR NOTIFICATION', 'NTU', 1.34093282567, 103.692971655, 1, '2016-03-18 03:19:36', '2016-03-18 03:19:36'),
(15, 'NEW CASE FOR NOTIFICATION', 'NTU', 1.34093282567, 103.692971655, 1, '2016-03-18 03:23:34', '2016-03-18 03:23:34'),
(16, 'ALIEN LANDED FROM USA', 'CHANGI AIRPORT', 1.3644202, 103.9915308, 1, '2016-03-21 12:08:44', '2016-03-21 12:08:44'),
(17, 'ALIEN AGAIN', 'AMK HUB', 1.3318916, 103.8493879, 1, '2016-03-21 12:09:32', '2016-03-21 12:09:32'),
(18, 'ALIEN INVASION FROM MALAYSIA', 'WOODLAND CHECKPOINT', 1.4455669, 103.7687927, 0, '2016-03-23 12:40:56', '2016-03-23 14:28:46'),
(19, 'FIRE IN SCSE', 'NTU', 1.3442364, 103.6861052, 1, '2016-04-01 14:51:28', '2016-04-01 14:51:28'),
(20, 'ALIEN AGAIN', 'SENTOSA', 1.2494041, 103.8303209, 1, '2016-04-01 18:09:00', '2016-04-01 18:09:00');

-- --------------------------------------------------------

--
-- Dumping data for table `incident_category`
--

INSERT INTO `incident_category` (`incident_id`, `category_id`, `created_at`, `updated_at`) VALUES
(12, 2, '2016-03-27 17:43:23', '2016-03-27 17:43:23'),
(13, 1, '2016-03-02 12:37:26', '2016-03-02 12:37:26'),
(13, 2, '2016-03-02 12:37:26', '2016-03-02 12:37:26'),
(16, 2, '2016-03-21 12:09:10', '2016-03-21 12:09:10'),
(18, 2, '2016-03-23 12:41:10', '2016-03-23 12:41:10'),
(19, 1, '2016-04-01 14:51:40', '2016-04-01 14:51:40'),
(19, 2, '2016-04-01 14:51:40', '2016-04-01 14:51:40');

-- --------------------------------------------------------

--
-- Dumping data for table `incident_reporter`
--

INSERT INTO `incident_reporter` (`incident_id`, `reporter_id`, `description`, `created_at`, `updated_at`) VALUES
(12, 5, 'Incident happened', '2016-02-29 23:35:05', '2016-03-27 17:43:02'),
(12, 6, 'Incident happened', '2016-03-10 15:51:39', '2016-03-27 17:43:42'),
(13, 5, 'Incident happened', '2016-03-01 23:09:46', '2016-03-02 10:40:17'),
(13, 6, 'Incident happened', '2016-03-01 22:44:34', '2016-03-02 12:34:24'),
(16, 5, 'Incident happened', '2016-03-21 12:09:04', '2016-03-21 12:09:04'),
(18, 6, 'Incident happened', '2016-03-23 12:41:03', '2016-03-23 12:41:03'),
(19, 5, 'Incident happened', '2016-04-01 14:51:34', '2016-04-01 14:51:34'),
(20, 5, 'Incident happened', '2016-04-01 18:09:12', '2016-04-01 18:09:12'),
(20, 6, 'Incident happened', '2016-04-01 18:17:57', '2016-04-01 18:17:57');

-- --------------------------------------------------------

--
-- Dumping data for table `incident_resource`
--

INSERT INTO `incident_resource` (`incident_id`, `resource_id`, `created_at`, `updated_at`) VALUES
(12, 1, '2016-03-15 14:42:37', '2016-03-15 14:42:37'),
(12, 2, '2016-03-15 14:21:31', '2016-03-15 14:21:31'),
(16, 1, '2016-03-21 12:09:10', '2016-03-21 12:09:10'),
(16, 2, '2016-03-21 12:09:10', '2016-03-21 12:09:10'),
(17, 1, '2016-04-01 12:28:24', '2016-04-01 12:28:24'),
(17, 2, '2016-04-01 12:28:24', '2016-04-01 12:28:24'),
(18, 1, '2016-03-23 12:41:10', '2016-03-23 12:41:10'),
(18, 2, '2016-03-23 14:28:30', '2016-03-23 14:28:30'),
(19, 1, '2016-04-01 14:51:40', '2016-04-01 14:51:40'),
(20, 1, '2016-04-01 18:09:18', '2016-04-01 18:09:18');

-- --------------------------------------------------------

--
-- Dumping data for table `incident_resource_record`
--

INSERT INTO `incident_resource_record` (`id`, `incident_id`, `resource_id`, `reporter_id`, `created_at`, `updated_at`) VALUES
(1, 12, 2, 6, '2016-03-15 14:21:31', '2016-03-15 14:21:31'),
(2, 12, 1, 5, '2016-03-15 14:42:37', '2016-03-15 14:42:37'),
(3, 12, 2, 5, '2016-03-15 14:42:37', '2016-03-15 14:42:37'),
(4, 12, 1, 5, '2016-03-15 14:49:00', '2016-03-15 14:49:00'),
(5, 12, 2, 5, '2016-03-15 14:49:00', '2016-03-15 14:49:00'),
(6, 12, 2, 5, '2016-03-15 17:00:50', '2016-03-15 17:00:50'),
(7, 12, 2, 5, '2016-03-15 17:01:43', '2016-03-15 17:01:43'),
(8, 12, 2, 5, '2016-03-15 17:02:51', '2016-03-15 17:02:51'),
(9, 12, 1, 5, '2016-03-15 17:04:20', '2016-03-15 17:04:20'),
(10, 12, 1, 5, '2016-03-15 17:05:27', '2016-03-15 17:05:27'),
(11, 12, 2, 5, '2016-03-15 17:05:27', '2016-03-15 17:05:27'),
(12, 12, 1, 5, '2016-03-15 17:07:14', '2016-03-15 17:07:14'),
(13, 12, 2, 5, '2016-03-15 17:07:14', '2016-03-15 17:07:14'),
(14, 12, 1, 5, '2016-03-15 17:08:07', '2016-03-15 17:08:07'),
(15, 12, 1, 5, '2016-03-15 19:13:27', '2016-03-15 19:13:27'),
(16, 12, 2, 5, '2016-03-15 19:13:27', '2016-03-15 19:13:27'),
(17, 16, 1, 5, '2016-03-21 12:09:10', '2016-03-21 12:09:10'),
(18, 16, 2, 5, '2016-03-21 12:09:10', '2016-03-21 12:09:10'),
(19, 18, 1, 6, '2016-03-23 12:41:10', '2016-03-23 12:41:10'),
(22, 18, 2, NULL, '2016-03-23 14:28:30', '2016-03-23 14:28:30'),
(23, 12, 1, 5, '2016-03-27 17:43:23', '2016-03-27 17:43:23'),
(24, 12, 2, 5, '2016-03-27 17:43:23', '2016-03-27 17:43:23'),
(25, 17, 1, NULL, '2016-04-01 12:28:24', '2016-04-01 12:28:24'),
(26, 17, 2, NULL, '2016-04-01 12:28:24', '2016-04-01 12:28:24'),
(27, 17, 2, NULL, '2016-04-01 12:30:26', '2016-04-01 12:30:26'),
(28, 19, 1, 5, '2016-04-01 14:51:40', '2016-04-01 14:51:40'),
(29, 20, 1, 5, '2016-04-01 18:09:18', '2016-04-01 18:09:18'),
(30, 20, 1, NULL, '2016-04-04 18:52:24', '2016-04-04 18:52:24');

-- --------------------------------------------------------

--
-- Dumping data for table `information`
--

INSERT INTO `information` (`id`, `content`, `created_at`, `updated_at`) VALUES
(1, 'asdasdasdasdasdasdasdasd', '2016-04-01 18:10:42', '2016-04-01 18:10:42');

-- --------------------------------------------------------

INSERT INTO `key_decision_maker` (`id`, `username`, `password`, `email`, `tel`, `created_at`, `updated_at`) VALUES
(3, 'dm1', '626dc685aa9fa7a6262de460afcf35891a58ca19fb4db1e758dfe85c333e4ca4', 'hoso0003@e.ntu.edu.sg', '84092272', '2016-02-23 23:35:50', '2016-02-23 23:35:50');

-- --------------------------------------------------------

--
-- Dumping data for table `reporter`
--

INSERT INTO `reporter` (`id`, `name`, `tel`, `created_at`, `updated_at`) VALUES
(5, 'HO SONG YAN', '84092272', '2016-02-29 22:02:46', '2016-02-29 22:02:46'),
(6, 'KONG ZHONG HAN', '84092272', '2016-03-01 22:44:34', '2016-03-01 22:44:34');

-- --------------------------------------------------------

--
-- Dumping data for table `resource`
--

INSERT INTO `resource` (`id`, `name`, `image`, `tel`, `Sms`, `created_at`, `updated_at`) VALUES
(1, 'Singapore Police Force', './img/resources/spf.jpg', '84092272', 1, '2016-03-02 00:11:23', '2016-03-02 00:11:23'),
(2, 'Singapore Civil Defence Force', './img/resources/scdf.png', '84092272', 0, '2016-03-02 00:11:23', '2016-03-02 00:11:23');

-- --------------------------------------------------------

--
-- Dumping data for table `user`
--

INSERT INTO `user` (`id`, `username`, `password`, `email`, `tel`, `created_at`, `updated_at`, `descendant_class`) VALUES
(1, 'call1', '9cefd246681e9f83c246921db56a9ceb5cad03cab455dd27cc0be022b46693b5', 'hoso0003@e.ntu.edu.sg', '84092272', '2016-02-23 20:36:47', '2016-02-23 20:36:47', 'CallOperator'),
(3, 'dm1', '626dc685aa9fa7a6262de460afcf35891a58ca19fb4db1e758dfe85c333e4ca4', 'hoso0003@e.ntu.edu.sg', '84092272', '2016-02-23 23:35:50', '2016-02-23 23:35:50', 'KeyDecisionMaker'),
(4, 'a1', '4fe98745b1e7ead96ad3b3072747dbf7009b5376c65db2e7e72c001e9fc5e486', 'hoso0003@e.ntu.edu.sg', '84092272', '2016-03-20 23:19:22', '2016-03-20 23:19:22', 'Agency'),
(5, 'a1', '4fe98745b1e7ead96ad3b3072747dbf7009b5376c65db2e7e72c001e9fc5e486', 'hoso0003@e.ntu.edu.sg', '84092272', '2016-03-20 23:19:23', '2016-03-20 23:19:23', 'Agency');
